project,version,duplicated_lines,duplicated_blocks,duplicated_lines_density,duplicated_files,complexity,cognitive_complexity,reliability_remediation_effort,reliability_rating,bugs,lines_to_cover,uncovered_lines,line_coverage,coverage,sqale_debt_ratio,code_smells,effort_to_reach_maintainability_rating_a,sqale_rating,development_cost,software_quality_maintainability_remediation_effort,normalized_td,vulnerabilities,security_remediation_effort,security_rating,wont_fix_issues,reopened_issues,false_positive_issues,confirmed_issues,blocker_violations,open_issues,major_violations,info_violations,critical_violations,violations,minor_violations,ncloc_language_distribution,files,functions,statements,comment_lines,comment_lines_density,lines,classes,ncloc,LPL,LM,LSC,LBC,LC,LLF,LTCE,CCC,LMC,MNC
ultralytics,2022/9/12,0,0,0,0,1,0,0,1,0,13,13,0,0,0.4,1,0,1,1200,5,0,0,0,1,0,0,0,0,0,1,1,0,0,1,0,py=40,2,1,13,6,13,50,0,40,0,0,0,0,0,0,0,0,0,0
ultralytics,2022/9/19,0,0,0,0,1,0,0,1,0,13,13,0,0,0,0,0,1,1290,0,0,0,0,1,0,0,0,0,0,0,0,0,0,0,0,py=43,12,1,13,5,10.4,62,0,43,0,0,0,0,0,0,0,0,0,0
ultralytics,2022/9/26,0,0,0,0,1,0,0,1,0,13,13,0,0,0,0,0,1,1290,0,0,0,0,1,0,0,0,0,0,0,0,0,0,0,0,py=43,12,1,13,5,10.4,62,0,43,0,0,0,0,0,0,0,0,0,0
ultralytics,2022/10/3,0,0,0,0,1,0,0,1,0,13,13,0,0,0,0,0,1,1290,0,0,0,0,1,0,0,0,0,0,0,0,0,0,0,0,py=43,12,1,13,5,10.4,62,0,43,0,0,0,0,0,0,0,0,0,0
ultralytics,2022/10/10,0,0,0,0,515,486,50,5,5,1776,1776,0,0,0.7,80,0,1,63330,442,0,0,0,1,0,0,0,0,5,85,31,16,26,85,7,py=2111,30,203,1827,717,25.4,3044,30,2111,0,0,0,0,0,0,0,0,0,0
ultralytics,2022/10/17,0,0,0,0,968,1056,65,5,8,3278,3278,0,0,0.8,134,0,1,111960,896,0,0,0,1,0,0,0,0,5,142,66,17,40,142,14,py=3732,40,342,3336,1452,28,5220,66,3732,0,0,0,0,0,0,0,0,0,0
ultralytics,2022/10/24,0,0,0,0,988,1065,30,5,5,3344,3344,0,0,0.8,141,0,1,114120,961,0,0,0,1,0,0,0,0,1,146,69,19,42,146,15,py=3804,42,353,3403,1473,27.9,5330,67,3804,0,0,0,0,0,0,0,0,0,0
ultralytics,2022/10/31,229,14,4,4,1025,1100,25,5,4,3552,3552,0,0,0.8,149,0,1,123150,1000,0,0,0,1,0,0,0,0,1,153,76,19,41,153,16,py=4105,45,366,3611,1513,26.9,5705,70,4105,0,0,0,0,0,0,0,0,0,0
ultralytics,2022/11/7,175,14,2.5,4,1227,1313,40,5,6,4220,4220,0,0,0.9,189,0,1,147570,1264,0,0,0,1,0,0,0,0,2,195,93,26,50,195,24,py=4919,48,435,4302,1885,27.7,6907,76,4919,0,0,0,0,0,0,0,0,0,0
ultralytics,2022/11/14,175,14,2.5,4,1237,1331,40,5,6,4245,4245,0,0,0.9,193,0,1,149220,1275,0,0,0,1,0,0,0,0,2,199,94,29,50,199,24,py=4974,48,437,4327,1893,27.6,6958,76,4974,0,0,0,0,0,0,0,0,0,0
ultralytics,2022/11/21,175,14,2.5,4,1276,1382,40,5,6,4373,4373,0,0,0.9,188,0,1,153390,1306,0,0,0,1,0,0,0,0,2,194,92,28,49,194,23,py=5113,49,451,4455,1913,27.2,7140,77,5113,0,0,0,0,0,0,0,0,0,0
ultralytics,2022/11/28,560,28,6.9,8,1502,1682,60,5,8,5084,5084,0,0,0.9,219,0,1,177060,1548,0,0,0,1,0,0,0,0,4,227,109,33,56,227,25,py=5902,54,509,5167,2113,26.4,8147,79,5902,0,0,0,0,0,0,0,0,0,0
ultralytics,2022/12/5,392,19,4.4,8,1669,1845,60,5,8,5574,5574,0,0,0.8,228,0,1,192570,1614,0,0,0,1,0,0,0,0,4,236,110,32,63,236,27,py=6419,58,564,5657,2257,26,8848,87,6419,0,0,0,0,0,0,0,0,0,0
ultralytics,2022/12/12,392,19,4.3,8,1696,1865,60,5,8,5674,5674,0,0,0.8,233,0,1,195960,1656,0,0,0,1,0,0,0,0,4,241,111,32,64,241,30,py=6532,58,578,5766,2315,26.2,9044,87,6532,0,0,0,0,0,0,0,0,0,0
ultralytics,2022/12/19,232,13,2.5,6,1748,1854,70,5,9,5827,5827,0,0,0.8,240,0,1,201450,1579,0,0,0,1,0,0,0,0,5,249,102,32,77,249,33,py=6715,62,626,5926,2325,25.7,9375,95,6715,5,0,0,0,0,0,0,0,0,0
ultralytics,2022/12/26,928,41,7.6,14,2193,2363,52,5,8,7449,7449,0,0,0.7,276,0,1,259950,1830,0,0,0,1,0,0,0,0,3,284,133,31,83,284,34,py=8665,64,741,7576,3284,27.5,12244,110,8665,5,0,0,0,0,0,0,0,0,0
ultralytics,2023/1/2,722,30,5.4,10,2315,2474,58,5,11,7891,7891,0,0,0.7,269,0,1,274440,1853,0,0,0,1,0,0,0,0,3,280,128,26,84,280,39,py=9148,68,803,8075,3896,29.9,13443,110,9148,5,0,0,0,0,0,0,0,0,0
ultralytics,2023/1/9,690,30,5.1,8,2340,2510,63,5,12,7916,7916,0,0,0.7,272,0,1,274740,1870,0,0,0,1,0,0,0,0,3,284,134,27,81,284,39,py=9158,67,801,8104,4017,30.5,13614,110,9158,5,0,0,0,0,0,0,0,0,0
ultralytics,2023/1/16,783,36,5.5,11,2474,2612,63,5,12,8229,8229,0,0,0.7,292,0,1,287910,2037,0,0,0,1,0,0,0,0,3,304,142,28,92,304,39,py=9597,66,867,8435,4221,30.5,14298,116,9597,5,0,0,0,0,0,0,0,0,0
ultralytics,2023/1/23,630,34,4.3,11,2582,2770,53,5,11,8437,8437,0,0,0.7,295,0,1,296100,2122,0,0,0,1,0,0,0,0,2,306,152,27,86,306,39,py=9870,66,880,8656,4331,30.5,14699,118,9870,5,0,0,0,0,0,0,0,0,0
ultralytics,2023/1/30,516,28,3.5,11,2610,2815,53,5,11,8483,8483,0,0,0.7,291,0,1,298260,2124,0,0,0,1,0,0,0,0,2,302,150,26,86,302,38,py=9942,66,880,8704,4348,30.4,14793,118,9942,5,0,0,0,0,0,0,0,0,0
ultralytics,2023/2/6,516,28,3.4,11,2679,2885,28,3,8,8631,8631,0,0,0.7,300,0,1,305460,2184,0,0,0,1,0,0,0,0,0,308,147,26,92,308,43,py=10182,66,893,8862,4430,30.3,15134,118,10182,5,0,0,0,0,0,0,0,0,0
ultralytics,2023/2/13,726,34,4.3,13,2950,3139,28,3,8,9674,9674,0,0,0.7,376,0,1,340290,2473,0,0,0,1,0,0,0,0,0,384,167,33,100,384,84,py=11343,77,988,9932,4857,30,16999,127,11343,5,0,0,0,0,0,0,0,0,0
ultralytics,2023/2/20,724,34,4.2,13,3020,3225,33,3,9,9842,9842,0,0,0.7,372,0,1,343920,2509,0,0,0,1,0,0,0,0,0,381,167,31,104,381,79,py=11464,78,1002,10106,5029,30.5,17304,127,11464,5,0,0,0,0,0,0,0,0,0
ultralytics,2023/2/27,752,36,4.3,13,3025,3227,33,3,9,9868,9868,0,0,0.7,373,0,1,343770,2509,0,0,0,1,0,0,0,0,0,382,168,31,104,382,79,py=11459,78,1001,10136,5177,31.1,17443,127,11459,5,0,0,0,0,0,0,0,0,0
ultralytics,2023/3/6,752,36,4.3,13,3042,3246,28,3,8,9913,9913,0,0,0.7,369,0,1,345720,2478,0,0,0,1,0,0,0,0,0,377,165,31,107,377,74,py=11524,78,1006,10182,5228,31.2,17557,128,11524,5,0,0,0,0,0,0,0,0,0
ultralytics,2023/3/13,752,36,4.3,13,3045,3254,28,3,8,9919,9919,0,0,0.7,371,0,1,345960,2493,0,0,0,1,0,0,0,0,0,379,167,31,107,379,74,py=11532,78,1005,10190,5238,31.2,17578,128,11532,5,0,0,0,0,0,0,0,0,0
ultralytics,2023/3/20,752,36,4.3,13,3069,3305,28,3,8,9966,9966,0,0,0.7,373,0,1,347160,2527,0,0,0,1,0,0,0,0,0,381,164,30,113,381,74,py=11572,78,1000,10246,5267,31.3,17649,129,11572,5,0,0,0,0,0,0,0,0,0
ultralytics,2023/3/27,752,36,4.2,13,3082,3320,28,3,8,10029,10029,0,0,0.7,372,0,1,349650,2523,0,0,0,1,0,0,0,0,0,380,163,30,113,380,74,py=11655,79,1006,10309,5280,31.2,17764,129,11655,5,0,0,0,0,0,0,0,0,0
ultralytics,2023/4/3,867,48,4.5,15,3332,3583,28,3,8,10803,10803,0,0,0.7,391,0,1,378030,2666,0,0,0,1,0,0,0,0,0,399,171,31,120,399,77,py=12601,83,1076,11115,5738,31.3,19320,138,12601,4,0,0,0,0,0,0,0,0,0
ultralytics,2023/4/10,833,41,4.2,12,3354,3599,28,3,8,10897,10897,0,0,0.6,369,0,1,382050,2479,0,1,5,4,0,0,0,0,0,378,162,28,111,378,77,py=12735,88,1093,11232,6070,32.3,19838,140,12735,4,0,0,0,0,0,11,0,0,0
ultralytics,2023/4/17,661,37,3.2,12,3393,3639,28,3,8,10998,10998,0,0,0.6,330,0,1,386010,2309,0,0,0,1,0,0,0,0,0,338,163,24,73,338,78,py=12867,89,1104,12072,6614,34,20570,140,12867,4,0,0,0,0,0,11,0,0,0
ultralytics,2023/4/24,607,35,2.6,11,3626,3797,38,3,10,12031,12031,0,0,0.6,348,0,1,429900,2411,0,0,0,1,0,0,0,0,0,358,168,26,74,358,90,py=14330,104,1231,13207,7359,33.9,23131,160,14330,4,0,0,0,0,0,9,0,0,0
ultralytics,2023/5/1,607,35,2.6,11,3672,3905,38,3,10,12171,12171,0,0,0.6,353,0,1,434610,2496,0,0,0,1,0,0,0,0,0,363,169,26,76,363,92,py=14487,105,1239,13353,7441,33.9,23392,160,14487,4,0,0,0,0,0,9,0,0,0
ultralytics,2023/5/8,712,41,2.9,12,3835,4061,38,3,10,12905,12905,0,0,0.6,362,0,1,460260,2533,0,0,0,1,0,0,0,0,0,372,170,29,76,372,97,py=15342,114,1304,14127,7706,33.4,24670,176,15342,5,0,0,0,0,0,7,5,0,0
ultralytics,2023/5/15,712,41,2.9,12,3839,4067,38,3,10,12916,12916,0,0,0.6,363,0,1,460710,2541,0,0,0,1,0,0,0,0,0,373,170,29,77,373,97,py=15357,114,1305,14139,7719,33.5,24700,176,15357,5,0,0,0,0,0,7,5,0,0
ultralytics,2023/5/22,676,39,2.7,12,3899,4156,38,3,10,13126,13126,0,0,0.6,378,0,1,469230,2620,0,0,0,1,0,0,0,0,0,388,175,30,80,388,103,py=15641,116,1317,14359,7852,33.4,25130,179,15641,5,0,0,0,0,0,7,5,0,0
ultralytics,2023/5/29,666,39,2.6,12,3955,4213,38,3,10,13248,13248,0,0,0.6,381,0,1,473970,2648,0,0,0,1,0,0,0,0,0,391,175,29,82,391,105,py=15799,116,1337,14493,7974,33.5,25449,182,15799,5,0,0,0,0,0,7,5,0,0
ultralytics,2023/6/5,734,43,2.8,16,4023,4271,38,3,10,13545,13545,0,0,0.5,382,0,1,483810,2656,0,0,0,1,0,0,0,0,0,392,176,29,82,392,105,py=16127,122,1367,14809,8133,33.5,26058,186,16127,5,0,0,0,0,0,6,5,0,0
ultralytics,2023/6/12,710,41,2.7,16,4108,4350,38,3,10,13855,13855,0,0,0.5,390,0,1,496290,2686,0,0,0,1,0,0,0,0,0,400,183,31,83,400,103,py=16543,126,1391,15137,8358,33.6,26775,191,16543,5,0,0,0,0,0,6,5,0,0
ultralytics,2023/6/19,710,41,2.6,16,4131,4374,38,3,10,13891,13891,0,0,0.5,389,0,1,497640,2696,0,0,0,1,0,0,0,0,0,399,183,31,82,399,103,py=16588,126,1394,15176,8366,33.5,26833,190,16588,5,0,0,0,0,0,6,5,0,0
ultralytics,2023/6/26,710,41,2.6,16,4142,4396,53,3,11,13907,13907,0,0,0.5,392,0,1,498210,2721,0,0,0,1,0,0,0,0,0,403,186,31,83,403,103,py=16607,126,1394,15192,8370,33.5,26858,190,16607,5,0,0,0,0,0,6,5,0,0
ultralytics,2023/7/3,1237,57,4.4,21,4292,4564,58,3,12,14464,14464,0,0,0.5,414,0,1,519810,2828,0,0,0,1,0,0,0,0,0,426,196,32,87,426,111,py=17327,132,1435,15776,8588,33.1,27839,194,17327,5,0,0,0,0,0,4,5,0,2
ultralytics,2023/7/10,997,41,3.7,16,4065,4247,48,3,10,13668,13668,0,0,0.5,388,0,1,492660,2649,0,0,0,1,0,0,0,0,0,398,180,28,79,398,111,py=16422,130,1380,14915,8053,32.9,26605,189,16422,5,1,0,0,0,0,5,7,0,2
ultralytics,2023/7/17,997,41,3.7,16,4079,4272,48,3,10,13706,13706,0,0,0.5,388,0,1,494070,2655,0,0,0,1,0,0,0,0,0,398,180,28,79,398,111,py=16469,130,1381,14954,8089,32.9,26693,189,16469,5,1,0,0,0,0,5,7,0,2
ultralytics,2023/7/24,897,36,3.4,13,4065,4280,48,3,10,13640,13640,0,0,0.5,391,0,1,493140,2697,0,0,0,1,0,0,0,0,0,401,181,27,82,401,111,py=16438,131,1368,14875,8017,32.8,26602,191,16438,5,1,0,0,0,0,5,7,0,2
ultralytics,2023/7/31,897,36,3.3,13,4088,4314,48,3,10,13694,13694,0,0,0.6,402,0,1,494940,2772,0,0,0,1,0,0,0,0,0,412,186,27,83,412,116,py=16498,131,1367,14933,8140,33,26795,191,16498,5,1,0,0,0,0,5,7,0,2
ultralytics,2023/8/7,832,29,3.1,13,4090,4331,43,3,9,13721,13721,0,0,0.6,398,0,1,496410,2791,0,0,0,1,0,0,0,0,0,407,181,27,85,407,114,py=16547,130,1361,14952,8250,33.3,26949,190,16547,5,1,0,0,0,0,5,7,0,2
ultralytics,2023/8/14,349,20,1.3,11,4029,4257,43,3,9,13547,13547,0,0,0.5,374,0,1,489840,2674,0,0,0,1,0,0,0,0,0,383,169,26,81,383,107,py=16328,130,1343,14751,8205,33.4,26686,190,16328,5,1,0,0,0,0,3,7,0,2
ultralytics,2023/8/21,293,18,1.1,10,3942,4142,23,3,7,13394,13394,0,0,0.5,358,0,1,483720,2599,0,0,0,1,0,0,0,0,0,365,162,25,78,365,100,py=16124,131,1338,14603,8403,34.3,26615,190,16124,5,1,0,0,0,0,4,7,0,2
ultralytics,2023/8/28,293,18,1.1,10,3953,4201,21,3,6,13408,13408,0,0,0.5,358,0,1,483990,2637,0,0,0,1,0,0,0,0,0,364,163,24,78,364,99,py=16133,132,1339,14628,8595,34.8,26825,192,16133,1,1,0,0,0,0,4,7,0,2
ultralytics,2023/9/4,295,18,1.1,10,3957,4188,21,3,6,13483,13483,0,0,0.5,357,0,1,486270,2643,0,0,0,1,0,0,0,0,0,363,164,22,78,363,99,py=16209,132,1343,14707,8688,34.9,27009,192,16209,5,1,0,0,0,0,0,5,0,2
ultralytics,2023/9/11,295,18,1.1,10,3973,4212,21,3,6,13548,13548,0,0,0.5,358,0,1,488730,2650,0,0,0,1,0,0,0,0,0,364,164,22,79,364,99,py=16291,133,1347,14780,8744,34.9,27177,192,16291,5,1,0,0,0,0,0,5,0,2
ultralytics,2023/9/18,295,18,1.1,10,4021,4286,21,3,6,13709,13709,0,0,0.5,361,0,1,494640,2660,0,0,0,1,0,0,0,0,0,367,164,22,82,367,99,py=16488,134,1355,14948,8856,34.9,27520,192,16488,5,1,0,0,0,0,0,5,0,2
ultralytics,2023/9/25,295,18,1.1,10,4021,4297,21,3,6,13694,13694,0,0,0.5,359,0,1,493680,2659,0,0,0,1,0,0,0,0,0,365,163,22,81,365,99,py=16456,128,1353,14930,8863,35,27462,192,16456,5,1,0,0,0,0,0,5,0,2
ultralytics,2023/10/2,271,16,1,10,4040,4310,21,3,6,13783,13783,0,0,0.5,363,0,1,496740,2668,0,0,0,1,0,0,0,0,0,369,163,23,81,369,102,py=16558,129,1358,15025,8959,35.1,27693,193,16558,5,1,0,0,0,0,0,7,0,2
ultralytics,2023/10/9,271,16,0.9,10,4056,4311,21,3,6,13846,13846,0,0,0.5,362,0,1,499590,2676,0,0,0,1,0,0,0,0,0,368,162,21,83,368,102,py=16653,130,1370,15432,10701,39.1,29591,193,16653,5,1,0,0,0,0,0,7,0,2
ultralytics,2023/10/16,271,16,0.9,10,4056,4311,21,3,6,13846,13846,0,0,0.5,362,0,1,499650,2676,0,0,0,1,0,0,0,0,0,368,162,21,83,368,102,py=16655,130,1370,15432,10727,39.2,29619,193,16655,5,1,0,0,0,0,0,7,0,2
ultralytics,2023/10/23,271,16,0.9,10,4057,4317,21,3,6,13848,13848,0,0,0.5,362,0,1,499710,2682,0,0,0,1,0,0,0,0,0,368,162,21,83,368,102,py=16657,130,1370,15434,10730,39.2,29624,193,16657,5,1,0,0,0,0,0,7,0,2
ultralytics,2023/10/30,271,16,0.9,10,4082,4327,21,3,6,13972,13972,0,0,0.5,361,0,1,504150,2667,0,0,0,1,0,0,0,0,0,367,162,21,82,367,102,py=16805,131,1384,15573,10905,39.4,29981,194,16805,5,1,0,0,0,0,0,7,0,2
ultralytics,2023/11/6,271,16,0.9,10,4088,4332,21,3,6,13980,13980,0,0,0.5,359,0,1,504390,2657,0,0,0,1,0,0,0,0,0,365,162,21,82,365,100,py=16813,131,1385,15582,10919,39.4,30004,194,16813,5,1,0,0,0,0,0,7,0,2
ultralytics,2023/11/13,271,16,0.9,10,4118,4363,21,3,6,14089,14089,0,0,0.5,359,0,1,508710,2663,0,0,0,1,0,0,0,0,0,365,162,21,82,365,100,py=16957,133,1395,15702,10987,39.3,30247,194,16957,5,1,0,0,0,0,0,7,0,2
ultralytics,2023/11/20,271,16,0.9,10,4124,4370,21,3,6,14121,14121,0,0,0.5,359,0,1,510180,2660,0,0,0,1,0,0,0,0,0,365,161,21,82,365,101,py=17006,133,1398,15736,11009,39.3,30321,195,17006,5,1,0,0,0,0,0,7,0,2
ultralytics,2023/11/27,236,16,0.8,10,4192,4467,31,3,7,14361,14361,0,0,0.5,360,0,1,519450,2689,0,0,0,1,0,0,0,0,0,367,157,21,87,367,102,py=17315,136,1415,15990,11219,39.3,30911,197,17315,5,2,0,0,0,0,0,6,0,2
ultralytics,2023/12/4,236,16,0.8,10,4220,4508,31,3,7,14475,14475,0,0,0.5,362,0,1,523350,2723,0,0,0,1,0,0,0,0,0,369,158,21,88,369,102,py=17445,137,1424,16116,11272,39.3,31135,200,17445,5,2,0,0,0,0,0,6,0,2
ultralytics,2023/12/11,236,16,0.8,10,4232,4524,31,3,7,14505,14505,0,0,0.5,363,0,1,524310,2732,0,0,0,1,0,0,0,0,0,370,160,21,88,370,101,py=17477,137,1425,16147,11300,39.3,31194,200,17477,5,2,0,0,0,0,0,6,0,2
ultralytics,2023/12/18,236,16,0.8,10,4256,4608,31,3,7,14612,14612,0,0,0.5,365,0,1,528300,2829,0,0,0,1,0,0,0,0,0,372,162,21,88,372,101,py=17610,137,1428,16260,11384,39.3,31431,200,17610,5,2,0,0,0,0,0,6,0,2
ultralytics,2023/12/25,260,18,0.8,11,4259,4619,31,3,7,14616,14616,0,0,0.5,363,0,1,526560,2833,0,0,0,1,0,0,0,0,0,370,160,21,88,370,101,py=17552,136,1428,16264,11381,39.3,31368,200,17552,5,2,0,0,0,0,0,6,0,2
ultralytics,2024/1/1,309,18,0.9,11,4563,4896,54,3,11,15780,15780,0,0,0.5,382,0,1,570420,3030,0,0,0,1,0,0,0,0,0,393,172,20,94,393,107,py=19014,149,1550,17519,12045,38.8,33817,216,19014,6,2,0,0,0,0,9,8,0,2
ultralytics,2024/1/8,619,28,1.7,15,4668,5003,44,3,10,16077,16077,0,0,0.5,386,0,1,632310,3057,0,0,0,1,0,0,0,0,0,396,178,21,94,396,103,py=21077,150,1571,17866,12329,36.9,36302,218,21077,5,2,0,0,0,0,0,8,0,2
ultralytics,2024/1/15,619,28,1.7,15,4677,5014,44,3,10,16102,16102,0,0,0.5,386,0,1,633240,3059,0,0,0,1,0,0,0,0,0,396,177,21,95,396,103,py=21108,150,1572,17898,12339,36.9,36350,218,21108,5,2,0,0,0,0,0,8,0,2
ultralytics,2024/1/22,619,28,1.7,15,4717,5072,44,3,10,16240,16240,0,0,0.5,386,0,1,638880,3061,0,0,0,1,0,0,0,0,0,396,176,21,95,396,104,py=21296,150,1581,18045,12452,36.9,36664,219,21296,5,2,0,0,0,0,0,8,0,2
ultralytics,2024/1/29,662,30,1.8,16,4690,5044,48,3,12,16159,16159,0,0,0.5,385,0,1,630690,3051,0,0,0,1,0,0,0,0,1,397,178,21,94,397,103,py=21023,149,1572,17953,12681,37.6,36601,218,21023,7,2,0,0,0,0,0,8,0,2
ultralytics,2024/2/5,609,28,1.7,15,4690,5046,46,3,11,16161,16161,0,0,0.5,383,0,1,631200,3040,0,0,0,1,0,0,0,0,1,394,177,21,94,394,101,py=21040,149,1572,17955,12683,37.6,36620,218,21040,7,2,0,0,0,0,0,8,0,2
ultralytics,2024/2/12,655,30,1.8,16,4747,5101,36,3,10,16367,16367,0,0,0.5,385,0,1,638460,3099,0,0,0,1,0,0,0,0,1,395,177,21,95,395,101,py=21282,149,1597,18194,12810,37.6,37036,226,21282,6,2,0,0,0,0,0,0,0,2
ultralytics,2024/2/19,675,33,1.8,16,4757,5116,36,3,10,16384,16384,0,0,0.5,386,0,1,640830,3142,0,0,0,1,0,0,0,0,1,396,178,19,97,396,101,py=21361,149,1597,18214,12835,37.5,37129,226,21361,6,2,0,0,0,0,0,0,0,2
ultralytics,2024/2/26,665,33,1.8,16,4762,5130,36,3,10,16397,16397,0,0,0.5,386,0,1,641250,3167,0,0,0,1,0,0,0,0,1,396,180,19,98,396,98,py=21375,149,1597,18228,12843,37.5,37163,226,21375,6,2,0,0,0,0,0,0,0,2
ultralytics,2024/3/4,665,33,1.8,16,4797,5173,36,3,10,16565,16565,0,0,0.5,383,0,1,648450,3185,0,0,0,1,0,0,0,0,1,393,179,19,96,393,98,py=21615,149,1617,18423,12912,37.4,37566,234,21615,6,2,0,0,0,0,0,0,0,2
ultralytics,2024/3/11,665,33,1.8,16,4816,5210,36,3,10,16595,16595,0,0,0.5,383,0,1,649650,3211,0,0,0,1,0,0,0,0,1,393,178,19,98,393,97,py=21655,149,1618,18454,12926,37.4,37620,234,21655,6,2,0,0,0,0,0,0,0,2
ultralytics,2024/3/18,665,33,1.8,16,4824,5228,34,3,9,16608,16608,0,0,0.5,383,0,1,650010,3218,0,0,0,1,0,0,0,0,1,392,177,19,98,392,97,py=21667,149,1620,18468,12945,37.4,37649,234,21667,6,2,0,0,0,0,0,0,0,2
ultralytics,2024/3/25,665,33,1.8,16,4819,5230,34,3,9,16589,16589,0,0,0.5,385,0,1,650130,3229,0,0,0,1,0,0,0,0,1,394,178,19,99,394,97,py=21671,149,1616,18445,12933,37.4,37629,234,21671,6,2,0,0,0,0,0,0,0,2
ultralytics,2024/4/1,671,31,1.7,17,4971,5425,34,3,9,17017,17017,0,0,0.5,394,0,1,667440,3360,0,0,0,1,0,0,0,0,1,403,179,20,107,403,96,py=22248,153,1650,18913,13207,37.3,38562,241,22248,6,2,0,0,0,0,0,0,0,2
ultralytics,2024/4/8,693,33,1.8,17,4984,5467,34,3,9,17070,17070,0,0,0.5,395,0,1,668970,3409,0,0,0,1,0,0,0,0,1,404,179,20,108,404,96,py=22299,153,1654,18970,13240,37.3,38667,241,22299,6,2,0,0,0,0,0,0,0,2
ultralytics,2024/4/15,693,33,1.8,17,4992,5477,34,3,9,17085,17085,0,0,0.5,396,0,1,669990,3424,0,0,0,1,0,0,0,0,1,405,179,20,108,405,97,py=22333,153,1655,18986,13251,37.2,38707,241,22333,6,2,0,0,0,0,0,0,0,2
ultralytics,2024/4/22,693,33,1.8,17,5010,5511,34,3,9,17167,17167,0,0,0.5,402,0,1,672720,3466,0,0,0,1,0,0,0,0,1,411,182,20,109,411,99,py=22424,153,1660,19073,13281,37.2,38841,242,22424,6,2,0,0,0,0,0,0,0,2
ultralytics,2024/4/29,693,33,1.8,17,5034,5527,34,3,9,17306,17306,0,0,0.5,401,0,1,677220,3458,0,0,0,1,0,0,0,0,1,410,182,19,109,410,99,py=22574,154,1672,19224,13351,37.2,39094,244,22574,6,2,0,0,0,0,0,0,0,2
ultralytics,2024/5/6,693,33,1.8,17,5070,5553,34,3,9,17359,17359,0,0,0.5,403,0,1,681450,3483,0,0,0,1,0,0,0,0,1,412,184,19,109,412,99,py=22715,156,1683,19287,13389,37.1,39277,245,22715,7,2,0,0,0,0,0,0,0,2
ultralytics,2024/5/13,606,27,1.5,15,5062,5560,29,3,8,17299,17299,0,0,0.5,403,0,1,679290,3475,0,0,0,1,0,0,0,0,2,411,183,19,108,411,99,py=22643,156,1678,19223,13419,37.2,39211,245,22643,7,1,0,0,0,0,0,0,0,2
ultralytics,2024/5/20,606,27,1.5,15,5084,5579,29,3,8,17403,17403,0,0,0.5,405,0,1,684870,3477,0,0,0,1,0,0,0,0,2,413,184,19,108,413,100,py=22829,157,1682,19332,13476,37.1,39485,246,22829,7,1,0,0,0,0,0,0,0,2
ultralytics,2024/5/27,609,27,1.5,15,5089,5580,29,3,8,17446,17446,0,0,0.5,410,0,1,686700,3502,0,0,0,1,0,0,0,0,2,418,187,19,109,418,101,py=22890,157,1685,19378,13506,37.1,39590,246,22890,7,1,0,0,0,0,0,0,0,2
ultralytics,2024/6/3,609,27,1.5,15,5103,5606,29,3,8,17501,17501,0,0,0.5,409,0,1,689130,3509,0,0,0,1,0,0,0,0,2,417,186,19,109,417,101,py=22971,157,1687,19435,13524,37.1,39700,246,22971,7,1,0,0,0,0,0,0,0,2
ultralytics,2024/6/10,645,29,1.6,16,5100,5575,29,3,8,17473,17473,0,0,0.5,400,0,1,688590,3451,0,0,0,1,0,0,0,0,2,408,181,19,107,408,99,py=22953,157,1687,19407,13529,37.1,39686,246,22953,7,1,0,0,0,0,0,0,0,2
ultralytics,2024/6/17,625,29,1.6,16,5146,5592,29,3,8,17682,17682,0,0,0.5,398,0,1,698520,3430,0,0,0,1,0,0,0,0,2,406,180,19,106,406,99,py=23284,157,1714,19650,13767,37.2,40315,255,23284,7,1,0,0,0,0,0,0,0,2
ultralytics,2024/6/24,625,29,1.5,16,5201,5665,29,3,8,17900,17900,0,0,0.5,400,0,1,708300,3481,0,0,0,1,0,0,0,0,2,408,181,19,107,408,99,py=23610,158,1729,19892,13945,37.1,40874,258,23610,7,1,0,0,0,0,0,0,0,2
ultralytics,2024/7/1,625,29,1.5,16,5216,5693,29,3,8,17978,17978,0,0,0.5,402,0,1,711750,3498,0,0,0,1,0,0,0,0,2,410,181,19,109,410,99,py=23725,159,1731,19972,14173,37.4,41243,258,23725,7,1,0,0,0,0,0,0,0,2
ultralytics,2024/7/8,625,29,1.5,16,5220,5700,29,3,8,17994,17994,0,0,0.5,401,0,1,711810,3500,0,0,0,1,0,0,0,0,2,409,181,19,109,409,98,py=23727,159,1731,19988,14185,37.4,41255,258,23727,7,1,0,0,0,0,0,0,0,2
ultralytics,2024/7/15,625,29,1.5,16,5236,5715,29,3,8,18059,18059,0,0,0.5,398,0,1,715380,3485,0,0,0,1,0,0,0,0,2,406,180,19,109,406,96,py=23846,160,1736,20073,14234,37.4,41468,258,23846,7,1,0,0,0,0,0,0,0,2
ultralytics,2024/7/22,563,27,1.3,14,5257,5752,29,3,8,18098,18098,0,0,0.5,399,0,1,716910,3511,0,0,0,1,0,0,0,0,2,407,180,18,111,407,96,py=23897,161,1739,20117,16755,41.2,44046,259,23897,7,1,0,0,0,0,0,0,0,0
ultralytics,2024/7/29,563,27,1.2,14,5521,6056,39,3,10,19092,19092,0,0,0.5,401,0,1,767790,3653,0,0,0,1,0,0,0,0,2,411,180,19,114,411,96,py=25593,172,1814,21206,17772,41,47014,278,25593,7,1,0,0,0,0,0,0,0,0
ultralytics,2024/8/5,563,27,1.2,14,5516,6058,39,3,10,19038,19038,0,0,0.5,395,0,1,766320,3652,0,0,0,1,0,0,0,0,2,405,180,16,115,405,92,py=25544,164,1807,21141,18897,42.5,48053,276,25544,7,1,0,0,0,0,0,0,0,0
ultralytics,2024/8/12,563,27,1.2,14,5520,6063,39,3,10,19029,19029,0,0,0.5,394,0,1,766800,3658,0,0,0,1,0,0,0,0,2,404,180,16,115,404,91,py=25560,164,1808,21134,19212,42.9,48376,277,25560,7,1,0,0,0,0,0,0,0,0
ultralytics,2024/8/19,563,27,1.2,14,5525,6070,39,3,10,19046,19046,0,0,0.5,395,0,1,767550,3663,0,0,0,1,0,0,0,0,2,405,180,16,116,405,91,py=25585,164,1809,21153,19231,42.9,48417,277,25585,7,1,0,0,0,0,0,0,0,0
